"Tier","chrom","coord","clone_id","timepoint","VAF"
"3","1",2554021,"1","Diagnosis",0.4383
"3","1",11965332,"1","Diagnosis",0.4123
"3","1",18952534,"1","Diagnosis",0.4891
"3","1",20382629,"1","Diagnosis",0.4754
"3","1",28395117,"5","Diagnosis",4e-04
"3","1",30729775,"1","Diagnosis",0.4812
"2","1",37094213,"1","Diagnosis",0.4703
"3","1",37145319,"1","Diagnosis",0.5104
"3","1",55348624,"5","Diagnosis",1e-04
"3","1",77738410,"1","Diagnosis",0.4398
"3","1",79857474,"1","Diagnosis",0.4557
"3","1",80466160,"5","Diagnosis",0
"2","1",93826068,"1","Diagnosis",0.4618
"3","1",96795533,"1","Diagnosis",0.4848
"3","1",104112500,"5","Diagnosis",1e-04
"3","1",106633528,"1","Diagnosis",0.4289
"2","1",110367526,"1","Diagnosis",0.4746
"3","1",113854727,"1","Diagnosis",0.4273
"3","1",115611558,"1","Diagnosis",0.4692
"3","1",166955879,"1","Diagnosis",0.4475
"3","1",169734487,"1","Diagnosis",0.472
"3","1",173369482,"1","Diagnosis",0.4973
"3","1",175059712,"1","Diagnosis",0.5237
"3","1",186605739,"5","Diagnosis",2e-04
"2","1",188411987,"1","Diagnosis",0.4582
"3","1",209326699,"1","Diagnosis",0.4795
"3","1",217678391,"1","Diagnosis",0.466
"3","1",220067708,"1","Diagnosis",0.5073
"3","1",221714803,"1","Diagnosis",0.4855
"3","1",230137325,"2","Diagnosis",0.2504
"3","1",232382467,"1","Diagnosis",0.472
"3","1",240735204,"1","Diagnosis",0.4751
"3","1",243693578,"1","Diagnosis",0.5229
"3","2",4358173,"5","Diagnosis",2e-04
"3","2",6078059,"1","Diagnosis",0.4633
"2","2",14285436,"5","Diagnosis",4e-04
"3","2",19867750,"1","Diagnosis",0.5137
"3","2",29610259,"1","Diagnosis",0.4697
"3","2",45371720,"1","Diagnosis",0.4524
"3","2",59364713,"1","Diagnosis",0.4809
"3","2",66437367,"3","Diagnosis",0.1582
"3","2",77520173,"1","Diagnosis",0.616
"3","2",80340878,"1","Diagnosis",0.3863
"3","2",106766704,"5","Diagnosis",4e-04
"3","2",109400331,"1","Diagnosis",0.4636
"3","2",119250670,"5","Diagnosis",3e-04
"3","2",129918104,"1","Diagnosis",0.4608
"3","2",134580402,"1","Diagnosis",0.5081
"3","2",137065906,"2","Diagnosis",0.2175
"3","2",139934206,"1","Diagnosis",0.4968
"2","2",146514310,"1","Diagnosis",0.4758
"3","2",149054310,"1","Diagnosis",0.4708
"3","2",155081458,"5","Diagnosis",7e-04
"3","2",163976195,"1","Diagnosis",0.4173
"1","2",179184790,"1","Diagnosis",0.4357
"3","2",184127103,"5","Diagnosis",1e-04
"2","2",191883652,"1","Diagnosis",0.4566
"3","2",194259132,"1","Diagnosis",0.5258
"3","2",195658613,"1","Diagnosis",0.4697
"3","2",212856235,"5","Diagnosis",3e-04
"3","2",214133301,"1","Diagnosis",0.4937
"3","2",236377937,"1","Diagnosis",0.4388
"3","3",1799169,"5","Diagnosis",3e-04
"2","3",20956204,"5","Diagnosis",5e-04
"3","3",41545224,"5","Diagnosis",3e-04
"3","3",48273720,"1","Diagnosis",0.5412
"3","3",49181344,"1","Diagnosis",0.4532
"3","3",55314225,"1","Diagnosis",0.4867
"3","3",56748325,"1","Diagnosis",0.4453
"3","3",71728586,"1","Diagnosis",0.4557
"2","3",81965563,"1","Diagnosis",0.4686
"2","3",82029867,"1","Diagnosis",0.4412
"3","3",86727730,"1","Diagnosis",0.4684
"3","3",116130136,"1","Diagnosis",0.5526
"3","3",120886135,"1","Diagnosis",0.4949
"2","3",148129000,"1","Diagnosis",0.4322
"3","3",170082969,"1","Diagnosis",0.4747
"3","3",179282914,"1","Diagnosis",0.4513
"3","3",183275496,"1","Diagnosis",0.4505
"3","3",199128760,"1","Diagnosis",0.522
"3","4",5197668,"1","Diagnosis",0.4493
"2","4",7444454,"1","Diagnosis",0.48
"2","4",19220182,"1","Diagnosis",0.4978
"3","4",23737618,"1","Diagnosis",0.519
"3","4",28354616,"1","Diagnosis",0.4819
"3","4",29467513,"1","Diagnosis",0.4534
"3","4",46808012,"1","Diagnosis",0.4684
"3","4",48048728,"1","Diagnosis",0.4893
"3","4",68587383,"1","Diagnosis",0.4657
"2","4",85060750,"1","Diagnosis",0.4943
"3","4",91456184,"1","Diagnosis",0.5128
"2","4",97290438,"1","Diagnosis",0.4619
"3","4",116138267,"1","Diagnosis",0.4395
"3","4",118103083,"1","Diagnosis",0.4243
"3","4",123486087,"1","Diagnosis",0.3907
"3","4",124091534,"1","Diagnosis",0.4953
"3","4",149316450,"5","Diagnosis",3e-04
"3","4",150025553,"5","Diagnosis",5e-04
"3","4",158256256,"5","Diagnosis",0.0012
"2","4",178634377,"1","Diagnosis",0.4815
"2","4",189384083,"1","Diagnosis",0.4401
"3","4",189695139,"5","Diagnosis",3e-04
"3","4",190940937,"1","Diagnosis",0.505
"3","5",2384507,"1","Diagnosis",0.48
"3","5",7094623,"1","Diagnosis",0.5294
"2","5",15286895,"1","Diagnosis",0.4576
"3","5",15823239,"5","Diagnosis",9e-04
"3","5",19515547,"1","Diagnosis",0.4595
"3","5",22531555,"1","Diagnosis",0.4488
"2","5",23096117,"4","Diagnosis",0.0285
"2","5",29358302,"1","Diagnosis",0.4669
"2","5",29515287,"5","Diagnosis",3e-04
"3","5",39934482,"1","Diagnosis",0.4564
"3","5",40462054,"1","Diagnosis",0.4543
"2","5",55184111,"1","Diagnosis",0.4684
"2","5",58140630,"1","Diagnosis",0.451
"3","5",72638602,"1","Diagnosis",0.4579
"3","5",73517294,"1","Diagnosis",0.4989
"3","5",79267485,"1","Diagnosis",0.4947
"3","5",79306739,"1","Diagnosis",0.4796
"3","5",97053721,"1","Diagnosis",0.5231
"2","5",104466311,"5","Diagnosis",4e-04
"3","5",107125647,"1","Diagnosis",0.4762
"3","5",113840798,"5","Diagnosis",1e-04
"3","5",118292794,"1","Diagnosis",0.4703
"3","5",122482597,"1","Diagnosis",0.4846
"2","5",137966197,"1","Diagnosis",0.4602
"3","5",143131070,"1","Diagnosis",0.3851
"2","5",159736606,"1","Diagnosis",0.4341
"3","5",168256047,"1","Diagnosis",0.4568
"2","5",170079783,"1","Diagnosis",0.4505
"1","5",175948939,"1","Diagnosis",0.4781
"3","5",177727421,"1","Diagnosis",0.4036
"3","5",178842439,"1","Diagnosis",0.4731
"2","5",179961228,"5","Diagnosis",4e-04
"2","6",843274,"1","Diagnosis",0.4423
"3","6",5956298,"1","Diagnosis",0.4849
"3","6",9855937,"5","Diagnosis",1e-04
"3","6",10707923,"1","Diagnosis",0.4535
"3","6",15912883,"2","Diagnosis",0.2217
"3","6",23872497,"1","Diagnosis",0.4682
"3","6",27159088,"2","Diagnosis",0.257
"3","6",38352606,"5","Diagnosis",0
"3","6",41353299,"1","Diagnosis",0.4609
"3","6",46669798,"1","Diagnosis",0.4336
"3","6",49771279,"1","Diagnosis",0.4709
"3","6",66736510,"1","Diagnosis",0.4032
"3","6",68551603,"1","Diagnosis",0.5199
"3","6",70987814,"1","Diagnosis",0.517
"2","6",82180779,"1","Diagnosis",0.4043
"3","6",89027696,"1","Diagnosis",0.4137
"3","6",96112105,"5","Diagnosis",0.0011
"3","6",96207554,"1","Diagnosis",0.4913
"3","6",98495373,"5","Diagnosis",0.0011
"3","6",114999438,"1","Diagnosis",0.4812
"3","6",115214023,"5","Diagnosis",1e-04
"3","6",116187978,"1","Diagnosis",0.461
"3","6",122642113,"1","Diagnosis",0.4975
"2","6",126994888,"1","Diagnosis",0.4813
"2","6",133770285,"5","Diagnosis",5e-04
"3","6",135641514,"1","Diagnosis",0.4586
"3","7",4190422,"1","Diagnosis",0.454
"3","7",15006915,"1","Diagnosis",0.4901
"3","7",20452265,"1","Diagnosis",0.4582
"3","7",27727645,"1","Diagnosis",0.4395
"3","7",57276498,"1","Diagnosis",0.4612
"3","7",70054236,"1","Diagnosis",0.4673
"2","7",70789795,"1","Diagnosis",0.4561
"3","7",72038393,"1","Diagnosis",0.4769
"2","7",77935249,"1","Diagnosis",0.4852
"3","7",82670696,"1","Diagnosis",0.4304
"3","7",83413239,"1","Diagnosis",0.4985
"3","7",85571815,"1","Diagnosis",0.4442
"3","7",85741672,"1","Diagnosis",0.5134
"3","7",118814318,"1","Diagnosis",0.431
"2","7",120710150,"1","Diagnosis",0.504
"3","7",121880780,"1","Diagnosis",0.4508
"3","7",129716211,"1","Diagnosis",0.4707
"3","7",131136495,"1","Diagnosis",0.4395
"3","7",135717417,"1","Diagnosis",0.4691
"3","7",137113192,"1","Diagnosis",0.3885
"3","7",137769879,"1","Diagnosis",0.4926
"2","7",141689176,"5","Diagnosis",0
"3","8",2568547,"4","Diagnosis",0.0239
"3","8",8974206,"1","Diagnosis",0.455
"3","8",15661762,"1","Diagnosis",0.4561
"3","8",18043420,"1","Diagnosis",0.4623
"3","8",19445887,"1","Diagnosis",0.3851
"3","8",31261001,"5","Diagnosis",0.0015
"3","8",34327019,"1","Diagnosis",0.4563
"3","8",35523488,"1","Diagnosis",0.5128
"3","8",36819114,"5","Diagnosis",5e-04
"3","8",37405787,"1","Diagnosis",0.4993
"3","8",56090350,"1","Diagnosis",0.4419
"2","8",69432926,"1","Diagnosis",0.458
"3","8",70394475,"1","Diagnosis",0.5179
"2","8",77071599,"1","Diagnosis",0.4827
"3","8",77811962,"1","Diagnosis",0.4548
"3","8",88484802,"1","Diagnosis",0.4514
"3","8",115843335,"1","Diagnosis",0.4894
"2","8",118550836,"1","Diagnosis",0.4768
"3","8",129786127,"1","Diagnosis",0.4392
"3","9",2471880,"1","Diagnosis",0.3505
"3","9",5297444,"1","Diagnosis",0.4332
"3","9",17997460,"1","Diagnosis",0.4953
"3","9",24541903,"1","Diagnosis",0.4945
"3","9",26544775,"1","Diagnosis",0.4829
"3","9",27488503,"1","Diagnosis",0.507
"3","9",38030097,"1","Diagnosis",0.4583
"3","9",75985332,"5","Diagnosis",9e-04
"3","9",79005857,"1","Diagnosis",0.4805
"2","9",82308637,"5","Diagnosis",1e-04
"3","9",83692876,"1","Diagnosis",0.4263
"3","9",86898540,"1","Diagnosis",0.4784
"2","9",104622553,"1","Diagnosis",0.5092
"3","9",112769906,"5","Diagnosis",7e-04
"3","10",3561926,"1","Diagnosis",0.4535
"3","10",22510615,"5","Diagnosis",0
"3","10",23382721,"5","Diagnosis",7e-04
"3","10",52232296,"5","Diagnosis",3e-04
"3","10",60433140,"1","Diagnosis",0.5471
"3","10",95087690,"1","Diagnosis",0.4845
"1","10",105228735,"1","Diagnosis",0.4419
"1","10",112346166,"1","Diagnosis",0.5028
"2","10",114348204,"1","Diagnosis",0.474
"3","10",123947341,"1","Diagnosis",0.4696
"3","10",132153077,"1","Diagnosis",0.4615
"1","10",134734535,"1","Diagnosis",0.4996
"2","10",134866164,"1","Diagnosis",0.4838
"3","11",6320063,"1","Diagnosis",0.4724
"3","11",11459230,"1","Diagnosis",0.4653
"3","11",22017700,"1","Diagnosis",0.4437
"3","11",23560993,"1","Diagnosis",0.459
"3","11",24353268,"2","Diagnosis",0.2489
"3","11",26651719,"5","Diagnosis",0
"3","11",28701905,"1","Diagnosis",0.4708
"2","11",31783643,"1","Diagnosis",0.4441
"3","11",32116909,"1","Diagnosis",0.5516
"3","11",38973823,"1","Diagnosis",0.4555
"3","11",44255438,"1","Diagnosis",0.4653
"3","11",57189638,"1","Diagnosis",0.4307
"3","11",59102497,"1","Diagnosis",0.4542
"3","11",59667167,"1","Diagnosis",0.4741
"2","11",61152920,"1","Diagnosis",0.3904
"2","11",68094328,"1","Diagnosis",0.5253
"3","11",76183866,"1","Diagnosis",0.5277
"2","11",82054955,"5","Diagnosis",0.0021
"2","11",87112863,"1","Diagnosis",0.4741
"3","11",89708905,"5","Diagnosis",0.001
"3","11",91088924,"1","Diagnosis",0.5058
"3","11",95419621,"1","Diagnosis",0.4472
"3","11",106067082,"1","Diagnosis",0.6479
"3","11",117101343,"1","Diagnosis",0.4794
"3","12",3464622,"5","Diagnosis",0.0012
"3","12",6182996,"1","Diagnosis",0.5028
"1","12",11883491,"5","Diagnosis",1e-04
"3","12",25930534,"1","Diagnosis",0.4218
"3","12",42178672,"1","Diagnosis",0.4951
"3","12",43022207,"5","Diagnosis",0.0012
"3","12",45210907,"1","Diagnosis",0.483
"3","12",59994312,"1","Diagnosis",0.4317
"3","12",72136658,"5","Diagnosis",1e-04
"3","12",74517961,"1","Diagnosis",0.49
"3","12",86035630,"1","Diagnosis",0.4931
"3","12",90320127,"1","Diagnosis",0.4457
"3","12",124839422,"1","Diagnosis",0.4166
"3","12",129593530,"5","Diagnosis",0.0013
"3","12",131934150,"1","Diagnosis",0.4688
"3","13",18776146,"1","Diagnosis",0.446
"2","13",27818040,"1","Diagnosis",0.4481
"3","13",30128153,"1","Diagnosis",0.4874
"3","13",39618436,"3","Diagnosis",0.16
"3","13",47286737,"1","Diagnosis",0.4747
"3","13",56924160,"1","Diagnosis",0.4718
"2","13",57495350,"1","Diagnosis",0.457
"3","13",88456565,"1","Diagnosis",0.4943
"3","13",93097763,"1","Diagnosis",0.4343
"3","13",95632247,"1","Diagnosis",0.4457
"1","13",98176393,"1","Diagnosis",0.515
"1","13",98745388,"1","Diagnosis",0.4716
"3","13",103448163,"1","Diagnosis",0.4318
"3","14",20830373,"5","Diagnosis",0.0395
"1","14",22588266,"1","Diagnosis",0.4687
"3","14",22676367,"1","Diagnosis",0.5088
"3","14",27252020,"1","Diagnosis",0.4193
"3","14",38298621,"1","Diagnosis",0.4933
"3","14",39339654,"1","Diagnosis",0.5069
"3","14",42844279,"1","Diagnosis",0.4246
"3","14",43499979,"5","Diagnosis",6e-04
"3","14",55340735,"1","Diagnosis",0.4528
"3","14",77567488,"1","Diagnosis",0.4703
"3","14",81290411,"1","Diagnosis",0.4903
"3","14",84831262,"1","Diagnosis",0.4782
"3","14",85096059,"1","Diagnosis",0.4778
"3","15",22778840,"1","Diagnosis",0.4872
"3","15",36730078,"1","Diagnosis",0.5103
"2","15",40183833,"1","Diagnosis",0.4635
"3","15",43120553,"1","Diagnosis",0.4196
"3","15",43165312,"1","Diagnosis",0.4279
"3","15",57669751,"1","Diagnosis",0.4782
"2","15",76806819,"5","Diagnosis",0.0013
"3","15",89035342,"1","Diagnosis",0.4979
"3","15",96792215,"1","Diagnosis",0.4375
"3","16",3082843,"1","Diagnosis",0.43
"2","16",3631558,"1","Diagnosis",0.5081
"3","16",5746405,"4","Diagnosis",0.0511
"3","16",11762063,"1","Diagnosis",0.4548
"3","16",48870823,"1","Diagnosis",0.488
"2","16",59519213,"5","Diagnosis",5e-04
"2","16",61156674,"1","Diagnosis",0.2223
"3","16",61360685,"1","Diagnosis",0.4772
"3","16",62264218,"1","Diagnosis",0.4855
"3","16",72303308,"1","Diagnosis",0.4627
"3","16",79743791,"1","Diagnosis",0.3865
"3","16",80180538,"1","Diagnosis",0.4378
"3","16",84039293,"5","Diagnosis",4e-04
"3","17",9018278,"1","Diagnosis",0.4611
"3","17",12510562,"1","Diagnosis",0.5056
"2","17",22057902,"5","Diagnosis",2e-04
"3","17",35085722,"1","Diagnosis",0.4917
"3","17",35479804,"1","Diagnosis",0.5041
"3","17",40722465,"1","Diagnosis",0.484
"1*","17",43068885,"1","Diagnosis",0.452
"2","17",45162654,"1","Diagnosis",0.4942
"3","17",53018928,"1","Diagnosis",0.446
"3","17",73280214,"1","Diagnosis",0.4569
"3","18",7332101,"1","Diagnosis",0.4719
"3","18",13846987,"5","Diagnosis",9e-04
"3","18",25078580,"3","Diagnosis",0.2068
"3","18",27511211,"1","Diagnosis",0.5018
"3","18",30238019,"1","Diagnosis",0.5145
"3","18",36377895,"1","Diagnosis",0.4688
"3","18",43806086,"1","Diagnosis",0.5032
"3","18",70969390,"1","Diagnosis",0.4004
"3","18",73710705,"1","Diagnosis",0.4226
"2","19",7615495,"1","Diagnosis",0.4657
"2","19",14631846,"1","Diagnosis",0.5269
"3","19",18478169,"1","Diagnosis",0.4467
"3","19",33657718,"1","Diagnosis",0.4771
"3","20",30031568,"1","Diagnosis",0.4043
"3","20",36495690,"1","Diagnosis",0.4966
"3","20",36667333,"1","Diagnosis",0.5268
"3","20",39017156,"1","Diagnosis",0.4637
"1","20",40164254,"1","Diagnosis",0.4524
"2","20",43469052,"5","Diagnosis",1e-04
"3","21",23804253,"1","Diagnosis",0.4692
"3","21",40246036,"1","Diagnosis",0.4825
"1","21",40336315,"1","Diagnosis",0.5064
"3","21",45379918,"1","Diagnosis",0.4787
"3","22",15941647,"1","Diagnosis",0.5027
"1","22",24752889,"5","Diagnosis",0.0019
"3","22",24837011,"1","Diagnosis",0.4537
"3","22",26431410,"1","Diagnosis",0.4222
"3","22",47444827,"1","Diagnosis",0.4768
"3","X",4565458,"1","Diagnosis",0.4384
"2","X",6154028,"1","Diagnosis",0.5557
"3","X",6272915,"1","Diagnosis",0.4457
"3","X",6998334,"5","Diagnosis",3e-04
"2","X",12373168,"1","Diagnosis",0.5158
"2","X",19646812,"1","Diagnosis",0.4893
"3","X",34224266,"1","Diagnosis",0.4623
"2","X",42622444,"1","Diagnosis",0.4805
"3","X",46583110,"1","Diagnosis",0.427
"3","X",67382982,"1","Diagnosis",0.4925
"3","X",81473655,"1","Diagnosis",0.4459
"3","X",94805832,"1","Diagnosis",0.5015
"3","X",98819620,"1","Diagnosis",0.4492
"3","X",100063990,"1","Diagnosis",0.4688
"3","X",100781299,"1","Diagnosis",0.4037
"3","X",103782883,"1","Diagnosis",0.4674
"3","X",104572042,"5","Diagnosis",2e-04
"3","X",114186799,"5","Diagnosis",0
"3","X",121017574,"5","Diagnosis",3e-04
"3","X",121382719,"1","Diagnosis",0.4645
"3","X",127355500,"5","Diagnosis",5e-04
"3","X",127868848,"5","Diagnosis",0.0022
"3","X",128453096,"1","Diagnosis",0.4695
"2","X",130043768,"1","Diagnosis",0.4886
"2","X",147623123,"5","Diagnosis",1e-04
"3","1",2554021,"1","Relapse",0.4137
"3","1",11965332,"1","Relapse",0.4647
"3","1",18952534,"1","Relapse",0.4311
"3","1",20382629,"1","Relapse",0.4445
"3","1",28395117,"5","Relapse",0.3893
"3","1",30729775,"1","Relapse",0.4547
"2","1",37094213,"1","Relapse",0.4113
"3","1",37145319,"1","Relapse",0.4538
"3","1",55348624,"5","Relapse",0.3047
"3","1",77738410,"1","Relapse",0.4024
"3","1",79857474,"1","Relapse",0.379
"3","1",80466160,"5","Relapse",0.3923
"2","1",93826068,"1","Relapse",0.4058
"3","1",96795533,"1","Relapse",0.4415
"3","1",104112500,"5","Relapse",0.4507
"3","1",106633528,"1","Relapse",0.4183
"2","1",110367526,"1","Relapse",0.4189
"3","1",113854727,"1","Relapse",0.4125
"3","1",115611558,"1","Relapse",0.3959
"3","1",166955879,"1","Relapse",0.397
"3","1",169734487,"1","Relapse",0.4317
"3","1",173369482,"1","Relapse",0.4249
"3","1",175059712,"1","Relapse",0.4699
"3","1",186605739,"5","Relapse",0.3368
"2","1",188411987,"1","Relapse",0.4245
"3","1",209326699,"1","Relapse",0.4298
"3","1",217678391,"1","Relapse",0.3966
"3","1",220067708,"1","Relapse",0.4289
"3","1",221714803,"1","Relapse",0.3978
"3","1",230137325,"2","Relapse",0.0048
"3","1",232382467,"1","Relapse",0.4025
"3","1",240735204,"1","Relapse",0.4506
"3","1",243693578,"1","Relapse",0.4051
"3","2",4358173,"5","Relapse",0.3543
"3","2",6078059,"1","Relapse",0.3846
"2","2",14285436,"5","Relapse",0.451
"3","2",19867750,"1","Relapse",0.4695
"3","2",29610259,"1","Relapse",0.4379
"3","2",45371720,"1","Relapse",0.4021
"3","2",59364713,"1","Relapse",0.4045
"3","2",66437367,"3","Relapse",0.4004
"3","2",77520173,"1","Relapse",0.5312
"3","2",80340878,"1","Relapse",0.3555
"3","2",106766704,"5","Relapse",0.4136
"3","2",109400331,"1","Relapse",0.453
"3","2",119250670,"5","Relapse",0.4236
"3","2",129918104,"1","Relapse",0.4407
"3","2",134580402,"1","Relapse",0.4134
"3","2",137065906,"2","Relapse",0.0027
"3","2",139934206,"1","Relapse",0.4483
"2","2",146514310,"1","Relapse",0.4187
"3","2",149054310,"1","Relapse",0.4074
"3","2",155081458,"5","Relapse",0.3937
"3","2",163976195,"1","Relapse",0.4213
"1","2",179184790,"1","Relapse",0.3928
"3","2",184127103,"5","Relapse",0.3775
"2","2",191883652,"1","Relapse",0.4225
"3","2",194259132,"1","Relapse",0.4377
"3","2",195658613,"1","Relapse",0.4211
"3","2",212856235,"5","Relapse",0.4079
"3","2",214133301,"1","Relapse",0.4089
"3","2",236377937,"1","Relapse",0.3781
"3","3",1799169,"5","Relapse",0.409
"2","3",20956204,"5","Relapse",0.3646
"3","3",41545224,"5","Relapse",0.3826
"3","3",48273720,"1","Relapse",0.4721
"3","3",49181344,"1","Relapse",0.4383
"3","3",55314225,"1","Relapse",0.4241
"3","3",56748325,"1","Relapse",0.3817
"3","3",71728586,"1","Relapse",0.464
"2","3",81965563,"1","Relapse",0.4044
"2","3",82029867,"1","Relapse",0.4235
"3","3",86727730,"1","Relapse",0.4111
"3","3",116130136,"1","Relapse",0.428
"3","3",120886135,"1","Relapse",0.4189
"2","3",148129000,"1","Relapse",0.3515
"3","3",170082969,"1","Relapse",0.3855
"3","3",179282914,"1","Relapse",0.4114
"3","3",183275496,"1","Relapse",0.3738
"3","3",199128760,"1","Relapse",0.4749
"3","4",5197668,"1","Relapse",0.3865
"2","4",7444454,"1","Relapse",0.4322
"2","4",19220182,"1","Relapse",0.4053
"3","4",23737618,"1","Relapse",0.4293
"3","4",28354616,"1","Relapse",0.3911
"3","4",29467513,"1","Relapse",0.4017
"3","4",46808012,"1","Relapse",0.4233
"3","4",48048728,"1","Relapse",0.3953
"3","4",68587383,"1","Relapse",0.424
"2","4",85060750,"1","Relapse",0.4223
"3","4",91456184,"1","Relapse",0.4614
"2","4",97290438,"1","Relapse",0.4188
"3","4",116138267,"1","Relapse",0.4294
"3","4",118103083,"1","Relapse",0.3886
"3","4",123486087,"1","Relapse",0.3778
"3","4",124091534,"1","Relapse",0.4507
"3","4",149316450,"5","Relapse",0.2591
"3","4",150025553,"5","Relapse",0.4085
"3","4",158256256,"5","Relapse",0.382
"2","4",178634377,"1","Relapse",0.3919
"2","4",189384083,"1","Relapse",0.3766
"3","4",189695139,"5","Relapse",0.3911
"3","4",190940937,"1","Relapse",0.4363
"3","5",2384507,"1","Relapse",0.4093
"3","5",7094623,"1","Relapse",0.4828
"2","5",15286895,"1","Relapse",0.4268
"3","5",15823239,"5","Relapse",0.3965
"3","5",19515547,"1","Relapse",0.4121
"3","5",22531555,"1","Relapse",0.4142
"2","5",23096117,"4","Relapse",0.4132
"2","5",29358302,"1","Relapse",0.4433
"2","5",29515287,"5","Relapse",0.4452
"3","5",39934482,"1","Relapse",0.4141
"3","5",40462054,"1","Relapse",0.4264
"2","5",55184111,"1","Relapse",0.3809
"2","5",58140630,"1","Relapse",0.441
"3","5",72638602,"1","Relapse",0.394
"3","5",73517294,"1","Relapse",0.4417
"3","5",79267485,"1","Relapse",0.4184
"3","5",79306739,"1","Relapse",0.4014
"3","5",97053721,"1","Relapse",0.4728
"2","5",104466311,"5","Relapse",0.3936
"3","5",107125647,"1","Relapse",0.4505
"3","5",113840798,"5","Relapse",0.3417
"3","5",118292794,"1","Relapse",0.3997
"3","5",122482597,"1","Relapse",0.4816
"2","5",137966197,"1","Relapse",0.3957
"3","5",143131070,"1","Relapse",0.3182
"2","5",159736606,"1","Relapse",0.4498
"3","5",168256047,"1","Relapse",0.454
"2","5",170079783,"1","Relapse",0.3767
"1","5",175948939,"1","Relapse",0.407
"3","5",177727421,"1","Relapse",0.3992
"3","5",178842439,"1","Relapse",0.4493
"2","5",179961228,"5","Relapse",0.4106
"2","6",843274,"1","Relapse",0.449
"3","6",5956298,"1","Relapse",0.4323
"3","6",9855937,"5","Relapse",0.3826
"3","6",10707923,"1","Relapse",0.4218
"3","6",15912883,"2","Relapse",NA
"3","6",23872497,"1","Relapse",0.4359
"3","6",27159088,"2","Relapse",0.0024
"3","6",38352606,"5","Relapse",0.4151
"3","6",41353299,"1","Relapse",0.45
"3","6",46669798,"1","Relapse",0.3982
"3","6",49771279,"1","Relapse",0.4003
"3","6",66736510,"1","Relapse",0.4237
"3","6",68551603,"1","Relapse",0.4651
"3","6",70987814,"1","Relapse",0.4264
"2","6",82180779,"1","Relapse",0.3849
"3","6",89027696,"1","Relapse",0.4322
"3","6",96112105,"5","Relapse",0.4069
"3","6",96207554,"1","Relapse",0.4261
"3","6",98495373,"5","Relapse",0.421
"3","6",114999438,"1","Relapse",0.4311
"3","6",115214023,"5","Relapse",0.2503
"3","6",116187978,"1","Relapse",0.4051
"3","6",122642113,"1","Relapse",0.456
"2","6",126994888,"1","Relapse",0.4244
"2","6",133770285,"5","Relapse",0.4275
"3","6",135641514,"1","Relapse",0.4114
"3","7",4190422,"1","Relapse",0.4098
"3","7",15006915,"1","Relapse",0.3938
"3","7",20452265,"1","Relapse",0.4355
"3","7",27727645,"1","Relapse",0.4045
"3","7",57276498,"1","Relapse",0.4218
"3","7",70054236,"1","Relapse",0.428
"2","7",70789795,"1","Relapse",0.4151
"3","7",72038393,"1","Relapse",0.4203
"2","7",77935249,"1","Relapse",0.4244
"3","7",82670696,"1","Relapse",0.4189
"3","7",83413239,"1","Relapse",0.4422
"3","7",85571815,"1","Relapse",0.3311
"3","7",85741672,"1","Relapse",0.4835
"3","7",118814318,"1","Relapse",0.4157
"2","7",120710150,"1","Relapse",0.4352
"3","7",121880780,"1","Relapse",0.3792
"3","7",129716211,"1","Relapse",0.4247
"3","7",131136495,"1","Relapse",0.4016
"3","7",135717417,"1","Relapse",0.4097
"3","7",137113192,"1","Relapse",0.3928
"3","7",137769879,"1","Relapse",0.405
"2","7",141689176,"5","Relapse",0.4265
"3","8",2568547,"4","Relapse",0.3782
"3","8",8974206,"1","Relapse",0.4041
"3","8",15661762,"1","Relapse",0.4235
"3","8",18043420,"1","Relapse",0.4037
"3","8",19445887,"1","Relapse",0.3591
"3","8",31261001,"5","Relapse",0.3727
"3","8",34327019,"1","Relapse",0.4164
"3","8",35523488,"1","Relapse",0.4469
"3","8",36819114,"5","Relapse",0.3818
"3","8",37405787,"1","Relapse",0.4436
"3","8",56090350,"1","Relapse",0.4241
"2","8",69432926,"1","Relapse",0.4031
"3","8",70394475,"1","Relapse",0.4298
"2","8",77071599,"1","Relapse",0.4344
"3","8",77811962,"1","Relapse",0.4059
"3","8",88484802,"1","Relapse",0.4342
"3","8",115843335,"1","Relapse",0.4424
"2","8",118550836,"1","Relapse",0.4386
"3","8",129786127,"1","Relapse",0.4236
"3","9",2471880,"1","Relapse",0.3617
"3","9",5297444,"1","Relapse",0.4236
"3","9",17997460,"1","Relapse",0.4715
"3","9",24541903,"1","Relapse",0.4396
"3","9",26544775,"1","Relapse",0.4177
"3","9",27488503,"1","Relapse",0.407
"3","9",38030097,"1","Relapse",0.3921
"3","9",75985332,"5","Relapse",0.4038
"3","9",79005857,"1","Relapse",0.397
"2","9",82308637,"5","Relapse",0.3898
"3","9",83692876,"1","Relapse",0.3955
"3","9",86898540,"1","Relapse",0.4104
"2","9",104622553,"1","Relapse",0.4579
"3","9",112769906,"5","Relapse",0.4191
"3","10",3561926,"1","Relapse",0.4291
"3","10",22510615,"5","Relapse",0.3659
"3","10",23382721,"5","Relapse",0.4011
"3","10",52232296,"5","Relapse",0.4479
"3","10",60433140,"1","Relapse",0.4851
"3","10",95087690,"1","Relapse",0.457
"1","10",105228735,"1","Relapse",0.2074
"1","10",112346166,"1","Relapse",0.4913
"2","10",114348204,"1","Relapse",0.4099
"3","10",123947341,"1","Relapse",0.409
"3","10",132153077,"1","Relapse",0.432
"1","10",134734535,"1","Relapse",0.4157
"2","10",134866164,"1","Relapse",0.3701
"3","11",6320063,"1","Relapse",0.4355
"3","11",11459230,"1","Relapse",0.4385
"3","11",22017700,"1","Relapse",0.4036
"3","11",23560993,"1","Relapse",0.393
"3","11",24353268,"2","Relapse",0.0024
"3","11",26651719,"5","Relapse",0.3193
"3","11",28701905,"1","Relapse",0.4641
"2","11",31783643,"1","Relapse",0.396
"3","11",32116909,"1","Relapse",0.48
"3","11",38973823,"1","Relapse",0.3392
"3","11",44255438,"1","Relapse",0.4209
"3","11",57189638,"1","Relapse",0.3951
"3","11",59102497,"1","Relapse",0.4255
"3","11",59667167,"1","Relapse",0.4123
"2","11",61152920,"1","Relapse",0.4074
"2","11",68094328,"1","Relapse",0.4303
"3","11",76183866,"1","Relapse",0.4565
"2","11",82054955,"5","Relapse",0.4239
"2","11",87112863,"1","Relapse",0.4311
"3","11",89708905,"5","Relapse",0.4082
"3","11",91088924,"1","Relapse",0.4103
"3","11",95419621,"1","Relapse",0.408
"3","11",106067082,"1","Relapse",0.611
"3","11",117101343,"1","Relapse",0.4255
"3","12",3464622,"5","Relapse",0.4085
"3","12",6182996,"1","Relapse",0.4339
"1","12",11883491,"5","Relapse",0.388
"3","12",25930534,"1","Relapse",0.3833
"3","12",42178672,"1","Relapse",0.4472
"3","12",43022207,"5","Relapse",0.4154
"3","12",45210907,"1","Relapse",0.4506
"3","12",59994312,"1","Relapse",0.4128
"3","12",72136658,"5","Relapse",0.4195
"3","12",74517961,"1","Relapse",0.467
"3","12",86035630,"1","Relapse",0.4737
"3","12",90320127,"1","Relapse",0.4144
"3","12",124839422,"1","Relapse",0.3961
"3","12",129593530,"5","Relapse",0.4041
"3","12",131934150,"1","Relapse",0.4183
"3","13",18776146,"1","Relapse",0.4089
"2","13",27818040,"1","Relapse",0.3743
"3","13",30128153,"1","Relapse",0.4338
"3","13",39618436,"3","Relapse",0.3987
"3","13",47286737,"1","Relapse",0.4294
"3","13",56924160,"1","Relapse",0.4215
"2","13",57495350,"1","Relapse",0.4498
"3","13",88456565,"1","Relapse",0.4747
"3","13",93097763,"1","Relapse",0.4524
"3","13",95632247,"1","Relapse",0.3912
"1","13",98176393,"1","Relapse",0.459
"1","13",98745388,"1","Relapse",0.4485
"3","13",103448163,"1","Relapse",0.4245
"3","14",20830373,"5","Relapse",0.47
"1","14",22588266,"1","Relapse",0.4673
"3","14",22676367,"1","Relapse",0.4676
"3","14",27252020,"1","Relapse",0.4397
"3","14",38298621,"1","Relapse",0.4139
"3","14",39339654,"1","Relapse",0.4391
"3","14",42844279,"1","Relapse",0.3694
"3","14",43499979,"5","Relapse",0.3567
"3","14",55340735,"1","Relapse",0.4481
"3","14",77567488,"1","Relapse",0.4307
"3","14",81290411,"1","Relapse",0.4174
"3","14",84831262,"1","Relapse",0.4353
"3","14",85096059,"1","Relapse",0.4047
"3","15",22778840,"1","Relapse",0.4567
"3","15",36730078,"1","Relapse",0.47
"2","15",40183833,"1","Relapse",0.4245
"3","15",43120553,"1","Relapse",0.3967
"3","15",43165312,"1","Relapse",0.3338
"3","15",57669751,"1","Relapse",0.4386
"2","15",76806819,"5","Relapse",0.4256
"3","15",89035342,"1","Relapse",0.4305
"3","15",96792215,"1","Relapse",0.3433
"3","16",3082843,"1","Relapse",0.3975
"2","16",3631558,"1","Relapse",0.4482
"3","16",5746405,"4","Relapse",0.4348
"3","16",11762063,"1","Relapse",0.4203
"3","16",48870823,"1","Relapse",0.4736
"2","16",59519213,"5","Relapse",0.379
"2","16",61156674,"1","Relapse",0.3809
"3","16",61360685,"1","Relapse",0.4182
"3","16",62264218,"1","Relapse",0.4437
"3","16",72303308,"1","Relapse",0.2821
"3","16",79743791,"1","Relapse",0.4204
"3","16",80180538,"1","Relapse",0.4065
"3","16",84039293,"5","Relapse",0.3254
"3","17",9018278,"1","Relapse",0.41
"3","17",12510562,"1","Relapse",0.4605
"2","17",22057902,"5","Relapse",0.4296
"3","17",35085722,"1","Relapse",0.4233
"3","17",35479804,"1","Relapse",0.3883
"3","17",40722465,"1","Relapse",0.4589
"1*","17",43068885,"1","Relapse",0.4163
"2","17",45162654,"1","Relapse",0.4455
"3","17",53018928,"1","Relapse",0.3759
"3","17",73280214,"1","Relapse",0.3905
"3","18",7332101,"1","Relapse",0.4355
"3","18",13846987,"5","Relapse",0.367
"3","18",25078580,"3","Relapse",0.4247
"3","18",27511211,"1","Relapse",0.439
"3","18",30238019,"1","Relapse",0.4438
"3","18",36377895,"1","Relapse",0.395
"3","18",43806086,"1","Relapse",0.4207
"3","18",70969390,"1","Relapse",0.3867
"3","18",73710705,"1","Relapse",0.4275
"2","19",7615495,"1","Relapse",0.4131
"2","19",14631846,"1","Relapse",0.4564
"3","19",18478169,"1","Relapse",0.4299
"3","19",33657718,"1","Relapse",0.418
"3","20",30031568,"1","Relapse",0.4178
"3","20",36495690,"1","Relapse",0.4496
"3","20",36667333,"1","Relapse",0.4633
"3","20",39017156,"1","Relapse",0.486
"1","20",40164254,"1","Relapse",0.4531
"2","20",43469052,"5","Relapse",0.3718
"3","21",23804253,"1","Relapse",0.4495
"3","21",40246036,"1","Relapse",0.4321
"1","21",40336315,"1","Relapse",0.4288
"3","21",45379918,"1","Relapse",0.4228
"3","22",15941647,"1","Relapse",0.4427
"1","22",24752889,"5","Relapse",0.4571
"3","22",24837011,"1","Relapse",0.3733
"3","22",26431410,"1","Relapse",0.4119
"3","22",47444827,"1","Relapse",0.476
"3","X",4565458,"1","Relapse",0.4063
"2","X",6154028,"1","Relapse",0.4513
"3","X",6272915,"1","Relapse",0.4164
"3","X",6998334,"5","Relapse",0.4088
"2","X",12373168,"1","Relapse",0.4257
"2","X",19646812,"1","Relapse",0.4525
"3","X",34224266,"1","Relapse",0.4327
"2","X",42622444,"1","Relapse",0.4236
"3","X",46583110,"1","Relapse",0.362
"3","X",67382982,"1","Relapse",0.4491
"3","X",81473655,"1","Relapse",0.4117
"3","X",94805832,"1","Relapse",0.4336
"3","X",98819620,"1","Relapse",0.4268
"3","X",100063990,"1","Relapse",0.4393
"3","X",100781299,"1","Relapse",0.3816
"3","X",103782883,"1","Relapse",0.403
"3","X",104572042,"5","Relapse",0.3629
"3","X",114186799,"5","Relapse",0.3854
"3","X",121017574,"5","Relapse",0.3718
"3","X",121382719,"1","Relapse",0.4503
"3","X",127355500,"5","Relapse",0.394
"3","X",127868848,"5","Relapse",0.4304
"3","X",128453096,"1","Relapse",0.4104
"2","X",130043768,"1","Relapse",0.4426
"2","X",147623123,"5","Relapse",0.3968
